"date","RT_ID","Focal","Neighbour","stand","Treatment","Block","BE_BoitEng_Hauteur_mm","SPUR_Squelette_Corrige_mm","SURF_Surface_Projetee_mm2","pair"
"2",1,"NEMESIS","NEMESIS","pure","C","1",133.47608,13289.3077945,22637.3828446249,"NEMESIS;NEMESIS"
"2",10,"EL4X_120","Selcuklu-97","mixed","C","2",250.65496,17148.494977,24049.5114074614,"EL4X_120;Selcuklu-97"
"2",100,"LLOYD","ANVERGUR","mixed","C","3",482.88,18110.502694,16953.5691704247,"LLOYD;ANVERGUR"
"2",101,"CHAM-1_DP136","CHAM-1_DP136","pure","C","3",482.88,15602.0417115,14974.8465018367,"CHAM-1_DP136;CHAM-1_DP136"
"2",105,"LLOYD","ANVERGUR","mixed","C","1",233.392,17480.9189535,14743.1145608403,"LLOYD;ANVERGUR"
"2",106,"NOBILIS","NOBILIS","pure","C","1",253.27056,13618.825145,11531.4115545867,"NOBILIS;NOBILIS"
"2",107,"BOLIDO-DP034","EL4X_194","mixed","C","1",482.88,14815.2437,13557.1654055606,"BOLIDO-DP034;EL4X_194"
"2",108,"PLUSSUR","MIKI-1_DP161","mixed","C","1",317.85576,12189.705532,10906.7579374457,"PLUSSUR;MIKI-1_DP161"
"2",109,"MURANO","ANTALIS","mixed","C","1",482.88,14500.815158,13668.1777054163,"MURANO;ANTALIS"
"2",11,"ORJAUNE","KOFA","mixed","C","2",297.776,25060.416438,24507.0975335886,"ORJAUNE;KOFA"
"2",110,"RAMIREZ","RAMIREZ","pure","C","1",444.97392,19293.926921,16519.1542285956,"RAMIREZ;RAMIREZ"
"2",111,"LAHAN","LAHAN","pure","C","1",482.88,15685.863676,14533.1706952859,"LAHAN;LAHAN"
"2",112,"MIKI-1_DP161","EL4X_464","mixed","C","1",482.88,17449.15979,16110.9069024042,"MIKI-1_DP161;EL4X_464"
"2",113,"MURANO","MURANO","pure","C","2",482.88,17437.8324975,15771.1115884925,"MURANO;MURANO"
"2",114,"LAHAN","EL4X_464","mixed","C","2",482.88,18545.8554265,17411.6869804054,"LAHAN;EL4X_464"
"2",116,"EL4X_316","EL4X_316","pure","C","2",482.88,20007.3753705,17684.519362246,"EL4X_316;EL4X_316"
"2",117,"ANTALIS","ANTALIS","pure","C","2",388.59768,17438.6018985,14384.5659717641,"ANTALIS;ANTALIS"
"2",118,"SVEVO","SVEVO","pure","C","2",473.26264,24566.7602075,22309.3887197513,"SVEVO;SVEVO"
"2",119,"RAMIREZ","RAMIREZ","pure","C","2",476.36112,19029.0392545,16726.6479634022,"RAMIREZ;RAMIREZ"
"2",12,"NOBILIS","LLOYD","mixed","C","2",289.64752,12909.522912,12635.1178050556,"NOBILIS;LLOYD"
"2",120,"CHAM-1_DP136","CHAM-1_DP136","pure","C","2",482.88,17978.422189,16339.3994087877,"CHAM-1_DP136;CHAM-1_DP136"
"2",121,"ASTERIX","NEMESIS","mixed","C","3",482.03496,17685.9215755,16177.7382838312,"ASTERIX;NEMESIS"
"2",122,"Selcuklu-97","ANVERGUR","mixed","C","3",482.88,23513.1082825,20807.8386065348,"Selcuklu-97;ANVERGUR"
"2",123,"COLOSSEO_DP087","KOFA","mixed","C","3",482.88,19890.554652,18662.4741594344,"COLOSSEO_DP087;KOFA"
"2",124,"EL4X_35","EL4X_35","pure","C","3",482.88,24030.0602655,22523.8400219611,"EL4X_35;EL4X_35"
"2",125,"GIUSTO","GIUSTO","pure","C","3",385.298,18820.061394,17565.0001207335,"GIUSTO;GIUSTO"
"2",126,"LGBORIS","NEMESIS","mixed","C","3",482.88,23344.0110405,20468.4196736328,"LGBORIS;NEMESIS"
"2",127,"NOBILIS","LLOYD","mixed","C","3",201.88408,13591.725132,12267.2473911655,"NOBILIS;LLOYD"
"2",128,"COLOSSEO_DP087","COLOSSEO_DP087","pure","C","3",482.88,18164.0615525,16021.171092152,"COLOSSEO_DP087;COLOSSEO_DP087"
"2",13,"GIUSTO","CASANOVA","mixed","C","2",276.36832,14632.040773,14174.0337824954,"GIUSTO;CASANOVA"
"2",131,"ORJAUNE","ORJAUNE","pure","C","1",316.56808,15349.464461,13986.6124834797,"ORJAUNE;ORJAUNE"
"2",132,"SVEVO","EL4X_428","mixed","C","1",482.88,13880.7206965,13269.8569715835,"SVEVO;EL4X_428"
"2",133,"AVENTUR","EL4X_194","mixed","C","1",311.17592,13564.9243305,12518.5566259447,"AVENTUR;EL4X_194"
"2",135,"EL4X_120","Selcuklu-97","mixed","C","1",482.88,19955.611781,18581.8135165382,"EL4X_120;Selcuklu-97"
"2",136,"LGBORIS","EL4X_35","mixed","C","1",249.8904,19758.7733585,18596.5910389009,"LGBORIS;EL4X_35"
"2",137,"ACADUR","ARDENTE","mixed","C","1",101.76696,15539.2927855,13447.7865262034,"ACADUR;ARDENTE"
"2",138,"NOBILIS","EL4X_316","mixed","C","1",482.88,19942.87392,19151.689080025,"NOBILIS;EL4X_316"
"2",139,"NOBILIS","EL4X_316","mixed","C","2",480.54608,17938.669804,16254.9713016097,"NOBILIS;EL4X_316"
"2",14,"BOLIDO-DP034","BOLIDO-DP034","pure","C","2",68.44824,13865.46091,12972.0628550102,"BOLIDO-DP034;BOLIDO-DP034"
"2",140,"MIKI-1_DP161","MIKI-1_DP161","pure","C","2",292.78624,20808.1508335,18557.2226815383,"MIKI-1_DP161;MIKI-1_DP161"
"2",141,"COLOSSEO_DP087","KOFA","mixed","C","2",482.88,20217.2508655,18837.0619622737,"COLOSSEO_DP087;KOFA"
"2",142,"FURIO_CAMILLO","EL4X_428","mixed","C","2",482.88,14339.9676045,12887.3844361897,"FURIO_CAMILLO;EL4X_428"
"2",143,"FURIO_CAMILLO","ACADUR","mixed","C","2",392.50096,19198.2219855,16986.370958132,"FURIO_CAMILLO;ACADUR"
"2",144,"SVEVO","ARDENTE","mixed","C","2",188.24272,21143.8661365,18424.1263172912,"SVEVO;ARDENTE"
"2",146,"LLOYD","LLOYD","pure","C","2",224.17704,26499.281797,23318.2506099524,"LLOYD;LLOYD"
"2",147,"MURANO","MURANO","pure","C","3",482.88,22206.62264,20242.3846063662,"MURANO;MURANO"
"2",148,"RAMIREZ","ANTALIS","mixed","C","3",482.88,22757.684734,20869.2490051663,"RAMIREZ;ANTALIS"
"2",149,"EL4X_194","EL4X_194","pure","C","3",482.88,19347.1438235,16986.0311189679,"EL4X_194;EL4X_194"
"2",15,"MURANO","QUALIDOU","mixed","C","2",398.09432,13107.2162245,12815.7806897267,"MURANO;QUALIDOU"
"2",150,"GIUSTO","BOLIDO-DP034","mixed","C","3",299.3856,21678.044153,19197.2457989408,"GIUSTO;BOLIDO-DP034"
"2",151,"AVENTUR","EL4X_194","mixed","C","3",331.98,11885.963115,10804.8153236692,"AVENTUR;EL4X_194"
"2",152,"COLOSSEO_DP087","QUALIDOU","mixed","C","3",175.00376,17475.4476575,15665.2663056053,"COLOSSEO_DP087;QUALIDOU"
"2",153,"ASTERIX","ASTERIX","pure","C","3",162.52936,13876.4462465,12630.88260515,"ASTERIX;ASTERIX"
"2",154,"RAMIREZ","LGBORIS","mixed","C","3",482.88,18696.957234,17782.8808751533,"RAMIREZ;LGBORIS"
"2",157,"LAHAN","EL4X_464","mixed","C","1",359.30296,17487.031417,14925.2427735202,"LAHAN;EL4X_464"
"2",158,"COLOSSEO_DP087","AZEGHAR-2_DP128","mixed","C","1",482.88,20773.0148545,19375.908017565,"COLOSSEO_DP087;AZEGHAR-2_DP128"
"2",159,"LGBORIS","NEMESIS","mixed","C","1",359.98704,17901.0118995,16334.7129170889,"LGBORIS;NEMESIS"
"2",16,"LAHAN","BOLIDO-DP034","mixed","C","2",482.88,14196.816274,13382.8845542244,"LAHAN;BOLIDO-DP034"
"2",160,"ASTERIX","NEMESIS","mixed","C","1",482.88,13669.520122,13462.7156972253,"ASTERIX;NEMESIS"
"2",161,"ACADUR","ACADUR","pure","C","1",229.68992,11700.1527735,10517.3369701101,"ACADUR;ACADUR"
"2",162,"ASTERIX","MIKI-1_DP161","mixed","C","1",208.242,14207.074954,13005.8293474415,"ASTERIX;MIKI-1_DP161"
"2",163,"LAHAN","BOLIDO-DP034","mixed","C","1",300.71352,23630.356446,19947.6618319159,"LAHAN;BOLIDO-DP034"
"2",164,"MONASTIR","BALSAMO","mixed","C","1",482.88,20217.208121,18106.1574477593,"MONASTIR;BALSAMO"
"2",165,"L2574","CASANOVA","mixed","C","2",482.88,17757.9033135,15679.8903522164,"L2574;CASANOVA"
"2",167,"LAHAN","LAHAN","pure","C","2",482.88,19500.6820675,18153.4389417876,"LAHAN;LAHAN"
"2",168,"EL4X_120","CHAM-1_DP136","mixed","C","2",482.88,20873.6354075,20302.7681791362,"EL4X_120;CHAM-1_DP136"
"2",169,"GIUSTO","BOLIDO-DP034","mixed","C","2",82.37128,16131.261366,15226.4809590419,"GIUSTO;BOLIDO-DP034"
"2",17,"FURIO_CAMILLO","FURIO_CAMILLO","pure","C","3",482.88,21170.49596,19765.6889220799,"FURIO_CAMILLO;FURIO_CAMILLO"
"2",170,"BALSAMO","ARDENTE","mixed","C","2",341.07424,21144.84926,18398.2327654955,"BALSAMO;ARDENTE"
"2",171,"ACADUR","ACADUR","pure","C","2",166.11072,16557.3812865,13302.7921370273,"ACADUR;ACADUR"
"2",172,"COLOSSEO_DP087","COLOSSEO_DP087","pure","C","2",482.88,21132.9235445,17076.3936218722,"COLOSSEO_DP087;COLOSSEO_DP087"
"2",173,"EL4X_120","CHAM-1_DP136","mixed","C","3",482.88,22409.23157,21877.0402192912,"EL4X_120;CHAM-1_DP136"
"2",174,"PLUSSUR","PLUSSUR","pure","C","3",468.27288,19779.1197405,16603.4690560523,"PLUSSUR;PLUSSUR"
"2",175,"NOBILIS","NOBILIS","pure","C","3",482.88,16048.9782035,15503.2324538236,"NOBILIS;NOBILIS"
"2",176,"ORJAUNE","ORJAUNE","pure","C","3",482.88,18329.525512,17517.6345804603,"ORJAUNE;ORJAUNE"
"2",177,"EL4X_316","ORJAUNE","mixed","C","3",482.88,19933.812086,18409.3378323749,"EL4X_316;ORJAUNE"
"2",178,"AZEGHAR-2_DP128","KOFA","mixed","C","3",305.6228,16830.0057075,15393.1062937238,"AZEGHAR-2_DP128;KOFA"
"2",18,"EL4X_120","EL4X_120","pure","C","3",482.88,21404.6075865,21221.3114166477,"EL4X_120;EL4X_120"
"2",180,"NEMESIS","NEMESIS","pure","C","3",457.44832,13362.700101,12094.8338281397,"NEMESIS;NEMESIS"
"2",183,"ACADUR","ANVERGUR","mixed","C","1",339.66584,17463.2227305,14804.3879275508,"ACADUR;ANVERGUR"
"2",184,"EL4X_316","EL4X_316","pure","C","1",482.88,19862.941705,18305.1277970786,"EL4X_316;EL4X_316"
"2",185,"MONASTIR","EL4X_35","mixed","C","1",482.88,21312.4077,18548.0360615532,"MONASTIR;EL4X_35"
"2",186,"ARDENTE","ARDENTE","pure","C","1",164.25968,12844.636761,11194.6802744289,"ARDENTE;ARDENTE"
"2",187,"NOBILIS","LLOYD","mixed","C","1",482.88,18739.872712,16381.1027900845,"NOBILIS;LLOYD"
"2",188,"BOLIDO-DP034","BOLIDO-DP034","pure","C","1",482.88,19388.734222,17731.8538419505,"BOLIDO-DP034;BOLIDO-DP034"
"2",189,"COLOSSEO_DP087","QUALIDOU","mixed","C","1",482.88,16267.4880875,14626.0162165991,"COLOSSEO_DP087;QUALIDOU"
"2",19,"KOFA","KOFA","pure","C","3",304.49608,15363.2709345,14633.258810398,"KOFA;KOFA"
"2",190,"GIUSTO","ANTALIS","mixed","C","1",313.18792,17112.5468525,15027.8504488868,"GIUSTO;ANTALIS"
"2",191,"LGBORIS","LGBORIS","pure","C","2",482.88,19826.352413,18368.7690753842,"LGBORIS;LGBORIS"
"2",192,"EL4X_316","ORJAUNE","mixed","C","2",482.88,18450.150491,15796.7767537531,"EL4X_316;ORJAUNE"
"2",193,"PLUSSUR","PLUSSUR","pure","C","2",409.72368,18805.9129645,16195.9598751422,"PLUSSUR;PLUSSUR"
"2",194,"BOLIDO-DP034","EL4X_194","mixed","C","2",228.80464,17885.239179,15936.3812207025,"BOLIDO-DP034;EL4X_194"
"2",195,"ANVERGUR","ANVERGUR","pure","C","2",186.9148,19949.71304,17118.8333213578,"ANVERGUR;ANVERGUR"
"2",196,"AVENTUR","ORJAUNE","mixed","C","2",482.88,22118.056036,20262.9704550878,"AVENTUR;ORJAUNE"
"2",197,"ACADUR","ANVERGUR","mixed","C","2",482.88,24339.316723,22577.8488697653,"ACADUR;ANVERGUR"
"2",198,"LAHAN","EL4X_120","mixed","C","2",482.88,24255.0673135,22201.9465582112,"LAHAN;EL4X_120"
"2",199,"GIUSTO","CASANOVA","mixed","C","3",454.55104,17642.4076745,16343.429974358,"GIUSTO;CASANOVA"
"2",2,"NOBILIS","EL4X_428","mixed","C","1",244.90064,18833.825123,22521.9380188973,"NOBILIS;EL4X_428"
"2",20,"MONASTIR","CHAM-1_DP136","mixed","C","3",252.98888,15325.698519,13949.3434551471,"MONASTIR;CHAM-1_DP136"
"2",200,"SVEVO","EL4X_428","mixed","C","3",482.88,21240.6396845,20796.9509636368,"SVEVO;EL4X_428"
"2",201,"PLUSSUR","MIKI-1_DP161","mixed","C","3",482.88,18274.470596,17484.2864921612,"PLUSSUR;MIKI-1_DP161"
"2",202,"LAHAN","EL4X_464","mixed","C","3",482.88,18998.3487035,18852.137300678,"LAHAN;EL4X_464"
"2",203,"CASANOVA","CASANOVA","pure","C","3",229.5692,16210.6379025,15099.7922074216,"CASANOVA;CASANOVA"
"2",204,"ANTALIS","ANTALIS","pure","C","3",280.51304,16004.5239235,13734.7679106623,"ANTALIS;ANTALIS"
"2",206,"SVEVO","SVEVO","pure","C","3",438.37456,21376.2252385,19451.2938450481,"SVEVO;SVEVO"
"2",209,"AZEGHAR-2_DP128","AZEGHAR-2_DP128","pure","C","1",482.88,17913.4078045,16242.3241688458,"AZEGHAR-2_DP128;AZEGHAR-2_DP128"
"2",21,"ACADUR","ACADUR","pure","C","3",482.35688,18064.4668675,15506.0626197657,"ACADUR;ACADUR"
"2",210,"EL4X_120","CHAM-1_DP136","mixed","C","1",482.88,20922.150415,19784.361805184,"EL4X_120;CHAM-1_DP136"
"2",211,"ASTERIX","ASTERIX","pure","C","1",473.0212,24986.4257085,22361.7440490419,"ASTERIX;ASTERIX"
"2",212,"CASANOVA","CASANOVA","pure","C","1",384.25176,17826.1235355,17450.468841146,"CASANOVA;CASANOVA"
"2",213,"L2574","EL4X_316","mixed","C","1",482.88,23350.721927,21478.8565173795,"L2574;EL4X_316"
"2",214,"FURIO_CAMILLO","EL4X_428","mixed","C","1",482.88,18641.132917,18627.2295493484,"FURIO_CAMILLO;EL4X_428"
"2",215,"EL4X_194","EL4X_194","pure","C","1",482.88,18963.426447,17107.3208129,"EL4X_194;EL4X_194"
"2",216,"GIUSTO","BOLIDO-DP034","mixed","C","1",142.73128,16289.757972,16346.9160664287,"GIUSTO;BOLIDO-DP034"
"2",217,"LLOYD","EL4X_464","mixed","C","2",482.88,21215.3349405,19139.2246564892,"LLOYD;EL4X_464"
"2",218,"AZEGHAR-2_DP128","KOFA","mixed","C","2",482.88,19298.714305,18936.1141160629,"AZEGHAR-2_DP128;KOFA"
"2",219,"MURANO","SVEVO","mixed","C","2",482.88,22010.254407,20576.6767183299,"MURANO;SVEVO"
"2",22,"AZEGHAR-2_DP128","NEMESIS","mixed","C","3",122.04792,9575.5801455,8943.92000914227,"AZEGHAR-2_DP128;NEMESIS"
"2",220,"LLOYD","ANVERGUR","mixed","C","2",237.09408,23257.1542165,19177.2665448563,"LLOYD;ANVERGUR"
"2",221,"ASTERIX","MIKI-1_DP161","mixed","C","2",482.88,23017.5285495,20982.5159368959,"ASTERIX;MIKI-1_DP161"
"2",222,"KOFA","KOFA","pure","C","2",460.46632,19568.7313115,16824.2859477665,"KOFA;KOFA"
"2",223,"EL4X_194","EL4X_194","pure","C","2",482.88,19506.794531,18827.3034624049,"EL4X_194;EL4X_194"
"2",224,"ACADUR","ARDENTE","mixed","C","2",222.9296,22214.487628,20852.0871273779,"ACADUR;ARDENTE"
"2",225,"FURIO_CAMILLO","ACADUR","mixed","C","3",482.59832,25988.6987445,25217.2846487372,"FURIO_CAMILLO;ACADUR"
"2",226,"GIUSTO","ANTALIS","mixed","C","3",482.88,19645.5004335,19381.7876005229,"GIUSTO;ANTALIS"
"2",227,"AZEGHAR-2_DP128","AZEGHAR-2_DP128","pure","C","3",482.88,19256.6964615,16786.5875527481,"AZEGHAR-2_DP128;AZEGHAR-2_DP128"
"2",228,"L2574","CASANOVA","mixed","C","3",137.90248,18588.557182,17717.9679406206,"L2574;CASANOVA"
"2",229,"Selcuklu-97","EL4X_194","mixed","C","3",482.88,23990.9917925,21249.7336641593,"Selcuklu-97;EL4X_194"
"2",23,"LLOYD","LLOYD","pure","C","3",437.97216,15076.669062,13181.2868462061,"LLOYD;LLOYD"
"2",230,"QUALIDOU","QUALIDOU","pure","C","3",482.88,22494.293125,20372.7586031158,"QUALIDOU;QUALIDOU"
"2",231,"ASTERIX","MIKI-1_DP161","mixed","C","3",477.16592,18332.26116,16278.5188669175,"ASTERIX;MIKI-1_DP161"
"2",232,"ASTERIX","EL4X_35","mixed","C","3",306.38736,18294.6032555,17303.5505237988,"ASTERIX;EL4X_35"
"2",235,"SVEVO","ARDENTE","mixed","C","1",108.96992,18025.013694,17437.6919848302,"SVEVO;ARDENTE"
"2",238,"RAMIREZ","ANTALIS","mixed","C","1",482.88,20051.872395,18507.5623133611,"RAMIREZ;ANTALIS"
"2",239,"EL4X_316","ORJAUNE","mixed","C","1",482.88,25158.814277,23472.6801036637,"EL4X_316;ORJAUNE"
"2",24,"BALSAMO","ARDENTE","mixed","C","3",142.93248,10864.369565,10047.9569633139,"BALSAMO;ARDENTE"
"2",240,"MURANO","MURANO","pure","C","1",482.88,17559.4406,16970.5063158626,"MURANO;MURANO"
"2",241,"LGBORIS","LGBORIS","pure","C","1",309.60656,18015.09697,16727.6327661412,"LGBORIS;LGBORIS"
"2",242,"PLUSSUR","CHAM-1_DP136","mixed","C","1",482.88,23176.580834,20999.4476010569,"PLUSSUR;CHAM-1_DP136"
"2",243,"AVENTUR","AVENTUR","pure","C","2",310.49184,18288.9609815,16221.0951836416,"AVENTUR;AVENTUR"
"2",244,"MURANO","ANTALIS","mixed","C","2",482.88,19663.837824,19919.1701548977,"MURANO;ANTALIS"
"2",245,"CASANOVA","CASANOVA","pure","C","2",371.0128,23520.8022925,21313.9596119946,"CASANOVA;CASANOVA"
"2",246,"L2574","EL4X_316","mixed","C","2",482.88,29024.028434,25740.017577209,"L2574;EL4X_316"
"2",247,"SVEVO","EL4X_428","mixed","C","2",482.88,22292.7528075,21334.7537492361,"SVEVO;EL4X_428"
"2",248,"PLUSSUR","MIKI-1_DP161","mixed","C","2",325.42088,23166.5358765,21091.7376863169,"PLUSSUR;MIKI-1_DP161"
"2",249,"MONASTIR","CHAM-1_DP136","mixed","C","2",482.88,22948.0259925,22464.1854590109,"MONASTIR;CHAM-1_DP136"
"2",250,"BALSAMO","BALSAMO","pure","C","2",482.88,25809.5138005,23256.0180197948,"BALSAMO;BALSAMO"
"2",251,"COLOSSEO_DP087","AZEGHAR-2_DP128","mixed","C","3",316.89,21971.1431895,19325.2135151572,"COLOSSEO_DP087;AZEGHAR-2_DP128"
"2",252,"LGBORIS","LGBORIS","pure","C","3",260.07112,21949.215261,20871.6717295299,"LGBORIS;LGBORIS"
"2",253,"MONASTIR","EL4X_35","mixed","C","3",319.98848,22252.9149335,21111.8850328912,"MONASTIR;EL4X_35"
"2",254,"EL4X_428","EL4X_428","pure","C","3",482.88,21950.583085,23168.6080980153,"EL4X_428;EL4X_428"
"2",255,"LAHAN","BOLIDO-DP034","mixed","C","3",482.88,21036.4919525,19980.6755623278,"LAHAN;BOLIDO-DP034"
"2",256,"MONASTIR","MONASTIR","pure","C","3",240.35352,19614.339693,19102.4507701646,"MONASTIR;MONASTIR"
"2",257,"EL4X_120","Selcuklu-97","mixed","C","3",482.88,23821.9800395,23202.3727633544,"EL4X_120;Selcuklu-97"
"2",258,"EL4X_316","EL4X_316","pure","C","3",482.88,18073.742424,16621.7564226853,"EL4X_316;EL4X_316"
"2",261,"Selcuklu-97","ANVERGUR","mixed","C","1",478.61456,16999.744117,14755.6356242369,"Selcuklu-97;ANVERGUR"
"2",262,"MONASTIR","MONASTIR","pure","C","1",482.88,14287.2208915,13294.8351501468,"MONASTIR;MONASTIR"
"2",263,"AVENTUR","AVENTUR","pure","C","1",168.08248,15699.028982,14783.5554213714,"AVENTUR;AVENTUR"
"2",264,"MURANO","SVEVO","mixed","C","1",232.34576,22584.398531,19348.4851895308,"MURANO;SVEVO"
"2",265,"QUALIDOU","QUALIDOU","pure","C","1",163.81704,21536.559858,20415.7884534079,"QUALIDOU;QUALIDOU"
"2",266,"AZEGHAR-2_DP128","NEMESIS","mixed","C","1",482.88,17235.1380785,17150.447499083,"AZEGHAR-2_DP128;NEMESIS"
"2",267,"RAMIREZ","CASANOVA","mixed","C","1",482.88,19499.015032,16617.9633791115,"RAMIREZ;CASANOVA"
"2",268,"LLOYD","LLOYD","pure","C","1",482.88,22709.0842375,21443.3963104044,"LLOYD;LLOYD"
"2",269,"Selcuklu-97","ANVERGUR","mixed","C","2",321.96024,28272.9648245,24937.3558404801,"Selcuklu-97;ANVERGUR"
"2",27,"FURIO_CAMILLO","PLUSSUR","mixed","C","1",482.88,12727.089386,12120.9393226399,"FURIO_CAMILLO;PLUSSUR"
"2",270,"EL4X_428","EL4X_428","pure","C","2",482.88,20410.413261,20318.1559503205,"EL4X_428;EL4X_428"
"2",271,"EL4X_464","EL4X_464","pure","C","2",482.88,17169.354293,16190.0565399847,"EL4X_464;EL4X_464"
"2",272,"AZEGHAR-2_DP128","AZEGHAR-2_DP128","pure","C","2",466.94496,18899.5234195,17461.3948529819,"AZEGHAR-2_DP128;AZEGHAR-2_DP128"
"2",273,"ASTERIX","EL4X_35","mixed","C","2",418.77768,16193.4546135,13922.1398781865,"ASTERIX;EL4X_35"
"2",274,"AZEGHAR-2_DP128","NEMESIS","mixed","C","2",354.59488,17863.8241845,17553.8146617938,"AZEGHAR-2_DP128;NEMESIS"
"2",275,"COLOSSEO_DP087","AZEGHAR-2_DP128","mixed","C","2",482.88,21465.091054,19990.5692670253,"COLOSSEO_DP087;AZEGHAR-2_DP128"
"2",276,"GIUSTO","GIUSTO","pure","C","2",247.83816,17015.1748815,16285.0032174201,"GIUSTO;GIUSTO"
"2",277,"RAMIREZ","RAMIREZ","pure","C","3",482.88,23352.260729,20092.1610790841,"RAMIREZ;RAMIREZ"
"2",278,"NOBILIS","EL4X_316","mixed","C","3",482.88,22445.051461,19590.1327603321,"NOBILIS;EL4X_316"
"2",279,"AVENTUR","AVENTUR","pure","C","3",479.78152,16672.91967,16327.6877472713,"AVENTUR;AVENTUR"
"2",28,"Selcuklu-97","EL4X_194","mixed","C","1",482.88,18432.454268,16429.454960189,"Selcuklu-97;EL4X_194"
"2",280,"L2574","QUALIDOU","mixed","C","3",161.32216,19729.920821,18887.7144415591,"L2574;QUALIDOU"
"2",281,"L2574","L2574","pure","C","3",482.88,24712.903653,22800.1146456577,"L2574;L2574"
"2",282,"BOLIDO-DP034","BOLIDO-DP034","pure","C","3",481.02896,20295.174089,18205.962363568,"BOLIDO-DP034;BOLIDO-DP034"
"2",283,"MURANO","ANTALIS","mixed","C","3",482.88,19820.1544605,18777.3233530786,"MURANO;ANTALIS"
"2",284,"EL4X_464","EL4X_464","pure","C","3",482.88,19739.581078,18001.7500864967,"EL4X_464;EL4X_464"
"2",287,"EL4X_35","EL4X_35","pure","C","1",482.88,22939.0496475,20520.5064203582,"EL4X_35;EL4X_35"
"2",288,"CHAM-1_DP136","CHAM-1_DP136","pure","C","1",482.88,20197.9303515,19233.9849705121,"CHAM-1_DP136;CHAM-1_DP136"
"2",289,"ANVERGUR","ANVERGUR","pure","C","1",408.0336,20139.49862,17420.7182975467,"ANVERGUR;ANVERGUR"
"2",29,"EL4X_428","EL4X_428","pure","C","1",482.88,12978.2988125,13804.7382366267,"EL4X_428;EL4X_428"
"2",290,"ASTERIX","EL4X_35","mixed","C","1",482.88,23389.875889,21855.4330259849,"ASTERIX;EL4X_35"
"2",291,"L2574","L2574","pure","C","1",172.4284,26062.3902625,22157.1151949307,"L2574;L2574"
"2",292,"LLOYD","EL4X_464","mixed","C","1",298.50032,20345.3133875,18738.912392071,"LLOYD;EL4X_464"
"2",293,"EL4X_464","EL4X_464","pure","C","1",160.63808,20153.17686,18753.1728473183,"EL4X_464;EL4X_464"
"2",294,"MURANO","QUALIDOU","mixed","C","1",482.88,19860.8472245,18114.0395238563,"MURANO;QUALIDOU"
"2",296,"COLOSSEO_DP087","QUALIDOU","mixed","C","2",481.18992,25385.445616,23150.9876200646,"COLOSSEO_DP087;QUALIDOU"
"2",297,"L2574","QUALIDOU","mixed","C","2",482.88,27230.982148,25295.2612930737,"L2574;QUALIDOU"
"2",298,"MONASTIR","MONASTIR","pure","C","2",171.46264,20368.181695,18111.3719691272,"MONASTIR;MONASTIR"
"2",299,"GIUSTO","ANTALIS","mixed","C","2",482.88,24815.7041755,22708.1698808387,"GIUSTO;ANTALIS"
"2",30,"GIUSTO","CASANOVA","mixed","C","1",267.9984,11314.2554275,11205.0709482267,"GIUSTO;CASANOVA"
"2",301,"NOBILIS","EL4X_428","mixed","C","2",482.88,17910.116478,16590.6976810133,"NOBILIS;EL4X_428"
"2",302,"QUALIDOU","QUALIDOU","pure","C","2",148.60632,20030.671123,17490.4236951305,"QUALIDOU;QUALIDOU"
"2",303,"AVENTUR","ORJAUNE","mixed","C","3",106.75672,12328.881624,12104.2981661514,"AVENTUR;ORJAUNE"
"2",304,"SVEVO","ARDENTE","mixed","C","3",244.17632,16230.1293945,15528.9341609299,"SVEVO;ARDENTE"
"2",305,"LAHAN","EL4X_120","mixed","C","3",427.83168,19377.877119,19794.8474877804,"LAHAN;EL4X_120"
"2",306,"LGBORIS","EL4X_35","mixed","C","3",174.48064,18072.1608775,17842.0549128338,"LGBORIS;EL4X_35"
"2",307,"ORJAUNE","KOFA","mixed","C","3",238.70368,20737.3659415,19289.3878897261,"ORJAUNE;KOFA"
"2",309,"ACADUR","ANVERGUR","mixed","C","3",425.25632,23222.659405,20399.2934643018,"ACADUR;ANVERGUR"
"2",31,"EL4X_120","EL4X_120","pure","C","1",482.88,19277.513033,17911.8333941088,"EL4X_120;EL4X_120"
"2",310,"ACADUR","ARDENTE","mixed","C","3",277.8572,14546.0815835,12158.7199368109,"ACADUR;ARDENTE"
"2",313,"LLOYD","EL4X_464","mixed","S","1",482.88,18153.760128,15906.5173973818,"LLOYD;EL4X_464"
"2",314,"FURIO_CAMILLO","FURIO_CAMILLO","pure","S","1",482.88,20662.3920885,18794.7702572628,"FURIO_CAMILLO;FURIO_CAMILLO"
"2",315,"ACADUR","ARDENTE","mixed","S","1",482.88,21177.1213575,19432.047254968,"ACADUR;ARDENTE"
"2",316,"ARDENTE","ARDENTE","pure","S","1",166.75456,15673.809727,14356.3063354654,"ARDENTE;ARDENTE"
"2",317,"RAMIREZ","ANTALIS","mixed","S","1",368.43744,21029.9092995,17957.053928045,"RAMIREZ;ANTALIS"
"2",318,"LGBORIS","NEMESIS","mixed","S","1",317.77528,18427.5386505,17947.5676649259,"LGBORIS;NEMESIS"
"2",319,"EL4X_35","EL4X_35","pure","S","1",434.75296,20538.1765715,18264.2447802157,"EL4X_35;EL4X_35"
"2",32,"BALSAMO","ARDENTE","mixed","C","1",323.48936,13622.501172,11702.8494503349,"BALSAMO;ARDENTE"
"2",320,"ASTERIX","ASTERIX","pure","S","1",482.88,20527.960636,19392.773906404,"ASTERIX;ASTERIX"
"2",321,"FURIO_CAMILLO","EL4X_428","mixed","S","2",482.88,14565.786798,14750.1342493811,"FURIO_CAMILLO;EL4X_428"
"2",322,"MURANO","QUALIDOU","mixed","S","2",482.88,20938.7780255,20434.7006856008,"MURANO;QUALIDOU"
"2",323,"AZEGHAR-2_DP128","KOFA","mixed","S","2",482.88,21522.539662,21069.6061175263,"AZEGHAR-2_DP128;KOFA"
"2",324,"ASTERIX","MIKI-1_DP161","mixed","S","2",482.88,20581.8614505,19723.2766289784,"ASTERIX;MIKI-1_DP161"
"2",325,"ASTERIX","EL4X_35","mixed","S","2",290.29136,18351.7953965,17379.555735565,"ASTERIX;EL4X_35"
"2",326,"FURIO_CAMILLO","PLUSSUR","mixed","S","2",482.88,19788.8654865,19133.5935580814,"FURIO_CAMILLO;PLUSSUR"
"2",327,"AVENTUR","EL4X_194","mixed","S","2",464.93296,18390.8638695,16662.0182281729,"AVENTUR;EL4X_194"
"2",328,"BOLIDO-DP034","EL4X_194","mixed","S","2",114.04016,11474.077113,10058.5614069084,"BOLIDO-DP034;EL4X_194"
"2",329,"FURIO_CAMILLO","EL4X_428","mixed","S","3",482.88,17420.0507855,15491.5335819532,"FURIO_CAMILLO;EL4X_428"
"2",33,"COLOSSEO_DP087","KOFA","mixed","C","1",482.88,16962.6846355,15318.5901621661,"COLOSSEO_DP087;KOFA"
"2",330,"LLOYD","ANVERGUR","mixed","S","3",482.88,19246.0958255,18147.7731286266,"LLOYD;ANVERGUR"
"2",331,"BOLIDO-DP034","BOLIDO-DP034","pure","S","3",285.86496,18361.9685875,16766.2118196387,"BOLIDO-DP034;BOLIDO-DP034"
"2",332,"L2574","QUALIDOU","mixed","S","3",482.88,28629.3684655,26748.2180600047,"L2574;QUALIDOU"
"2",333,"SVEVO","EL4X_428","mixed","S","3",280.59352,19839.0475295,18350.4305501674,"SVEVO;EL4X_428"
"2",334,"COLOSSEO_DP087","KOFA","mixed","S","3",411.01136,20343.8600745,18951.8892308106,"COLOSSEO_DP087;KOFA"
"2",335,"COLOSSEO_DP087","AZEGHAR-2_DP128","mixed","S","3",462.88072,14484.914204,13246.207089108,"COLOSSEO_DP087;AZEGHAR-2_DP128"
"2",336,"AZEGHAR-2_DP128","NEMESIS","mixed","S","3",482.88,15951.221532,14934.8149099764,"AZEGHAR-2_DP128;NEMESIS"
"2",339,"GIUSTO","GIUSTO","pure","S","1",330.28992,29852.245866,28317.4053023437,"GIUSTO;GIUSTO"
"2",34,"RAMIREZ","LGBORIS","mixed","C","1",470.808,17826.6364695,16230.2781494421,"RAMIREZ;LGBORIS"
"2",340,"KOFA","KOFA","pure","S","1",482.88,16731.05219,15399.9286562983,"KOFA;KOFA"
"2",341,"EL4X_194","EL4X_194","pure","S","1",482.88,15917.7525885,14239.0910573183,"EL4X_194;EL4X_194"
"2",342,"GIUSTO","BOLIDO-DP034","mixed","S","1",482.88,23265.1901825,20872.0809982007,"GIUSTO;BOLIDO-DP034"
"2",343,"SVEVO","EL4X_428","mixed","S","1",474.59056,22571.0195025,21514.599923658,"SVEVO;EL4X_428"
"2",344,"PLUSSUR","PLUSSUR","pure","S","1",232.1848,17276.130054,14872.9075422447,"PLUSSUR;PLUSSUR"
"2",345,"COLOSSEO_DP087","AZEGHAR-2_DP128","mixed","S","1",482.88,19314.786237,17837.9275113727,"COLOSSEO_DP087;AZEGHAR-2_DP128"
"2",348,"MURANO","MURANO","pure","S","2",482.88,19114.48551,18384.9242253262,"MURANO;MURANO"
"2",349,"LAHAN","BOLIDO-DP034","mixed","S","2",412.54048,15857.35461,14659.3917112824,"LAHAN;BOLIDO-DP034"
"2",35,"BALSAMO","AVENTUR","mixed","C","2",348.2772,21078.338818,19283.9084399776,"BALSAMO;AVENTUR"
"2",350,"Selcuklu-97","Selcuklu-97","pure","S","2",218.22152,23497.4637955,21361.7600002305,"Selcuklu-97;Selcuklu-97"
"2",351,"LGBORIS","EL4X_35","mixed","S","2",482.88,19296.4488465,18256.2366347513,"LGBORIS;EL4X_35"
"2",352,"LLOYD","EL4X_464","mixed","S","2",482.88,15580.455739,14845.3586448431,"LLOYD;EL4X_464"
"2",353,"COLOSSEO_DP087","COLOSSEO_DP087","pure","S","2",482.88,19379.330432,17378.8504779448,"COLOSSEO_DP087;COLOSSEO_DP087"
"2",354,"QUALIDOU","QUALIDOU","pure","S","2",156.65432,21148.9099875,19686.2469497346,"QUALIDOU;QUALIDOU"
"2",355,"ARDENTE","ARDENTE","pure","S","3",474.4296,18922.0070265,17105.8956809214,"ARDENTE;ARDENTE"
"2",356,"RAMIREZ","LGBORIS","mixed","S","3",482.88,20215.8830415,17691.2850849598,"RAMIREZ;LGBORIS"
"2",357,"AVENTUR","AVENTUR","pure","S","3",470.04344,15779.0039415,15020.7046909787,"AVENTUR;AVENTUR"
"2",358,"ORJAUNE","ORJAUNE","pure","S","3",335.48088,19082.085179,18289.7400258943,"ORJAUNE;ORJAUNE"
"2",359,"NEMESIS","NEMESIS","pure","S","3",482.88,17739.223967,16458.2572428949,"NEMESIS;NEMESIS"
"2",360,"AVENTUR","ORJAUNE","mixed","S","3",439.2196,19101.149226,16708.5433059972,"AVENTUR;ORJAUNE"
"2",361,"RAMIREZ","RAMIREZ","pure","S","3",482.88,14810.541805,12219.4999886057,"RAMIREZ;RAMIREZ"
"2",362,"EL4X_35","EL4X_35","pure","S","3",482.88,20267.8603535,19348.9638877082,"EL4X_35;EL4X_35"
"2",365,"FURIO_CAMILLO","EL4X_428","mixed","S","1",482.88,22444.453038,21386.2722702624,"FURIO_CAMILLO;EL4X_428"
"2",366,"AVENTUR","AVENTUR","pure","S","1",482.88,19233.31522,17910.4630748986,"AVENTUR;AVENTUR"
"2",367,"MURANO","SVEVO","mixed","S","1",260.71496,18755.9018995,18100.6944418414,"MURANO;SVEVO"
"2",369,"LAHAN","EL4X_120","mixed","S","1",482.88,20470.6402615,20498.4735145506,"LAHAN;EL4X_120"
"2",37,"EL4X_120","EL4X_120","pure","C","2",482.88,20822.641219,19298.3022729614,"EL4X_120;EL4X_120"
"2",370,"ORJAUNE","ORJAUNE","pure","S","1",482.88,18819.6766935,17777.4690278192,"ORJAUNE;ORJAUNE"
"2",371,"AZEGHAR-2_DP128","AZEGHAR-2_DP128","pure","S","1",239.06584,17086.088007,15955.2806632494,"AZEGHAR-2_DP128;AZEGHAR-2_DP128"
"2",372,"QUALIDOU","QUALIDOU","pure","S","1",482.88,18973.685127,17723.0180236832,"QUALIDOU;QUALIDOU"
"2",373,"LGBORIS","NEMESIS","mixed","S","2",185.5064,14875.513445,13395.8422926759,"LGBORIS;NEMESIS"
"2",374,"ANVERGUR","ANVERGUR","pure","S","2",383.80912,20440.7191115,18862.1589018352,"ANVERGUR;ANVERGUR"
"2",375,"KOFA","KOFA","pure","S","2",482.88,15178.4437165,14320.1408708702,"KOFA;KOFA"
"2",376,"PLUSSUR","MIKI-1_DP161","mixed","S","2",482.88,23908.2384405,22159.7041846918,"PLUSSUR;MIKI-1_DP161"
"2",377,"RAMIREZ","CASANOVA","mixed","S","2",466.46208,20628.068255,19030.7026834114,"RAMIREZ;CASANOVA"
"2",378,"RAMIREZ","RAMIREZ","pure","S","2",164.62184,20348.3909915,17971.5975825958,"RAMIREZ;RAMIREZ"
"2",379,"L2574","L2574","pure","S","2",481.14968,21498.3890195,18939.7756089925,"L2574;L2574"
"2",38,"ASTERIX","ASTERIX","pure","C","2",275.4428,17579.017581,16003.4793576024,"ASTERIX;ASTERIX"
"2",381,"CHAM-1_DP136","CHAM-1_DP136","pure","S","3",482.88,15119.926496,14589.1180879995,"CHAM-1_DP136;CHAM-1_DP136"
"2",382,"BALSAMO","ARDENTE","mixed","S","3",290.69376,16015.594749,14656.7789693217,"BALSAMO;ARDENTE"
"2",383,"ANVERGUR","ANVERGUR","pure","S","3",143.17392,14825.331402,12765.1647522869,"ANVERGUR;ANVERGUR"
"2",384,"L2574","CASANOVA","mixed","S","3",482.88,23349.097636,21659.6692236176,"L2574;CASANOVA"
"2",385,"SVEVO","SVEVO","pure","S","3",482.88,21693.5604065,19596.456326714,"SVEVO;SVEVO"
"2",386,"PLUSSUR","CHAM-1_DP136","mixed","S","3",482.88,15808.454902,13751.1934702617,"PLUSSUR;CHAM-1_DP136"
"2",387,"AZEGHAR-2_DP128","KOFA","mixed","S","3",482.88,18836.218815,17589.6567310555,"AZEGHAR-2_DP128;KOFA"
"2",388,"LLOYD","LLOYD","pure","S","3",482.88,18628.0958445,17420.5556863338,"LLOYD;LLOYD"
"2",39,"RAMIREZ","CASANOVA","mixed","C","2",233.87488,17272.19756,15953.1667174811,"RAMIREZ;CASANOVA"
"2",391,"GIUSTO","CASANOVA","mixed","S","1",457.24712,18647.801059,18138.7765262386,"GIUSTO;CASANOVA"
"2",392,"LGBORIS","LGBORIS","pure","S","1",377.4512,13654.559547,11398.3224987087,"LGBORIS;LGBORIS"
"2",393,"MONASTIR","MONASTIR","pure","S","1",143.0532,20490.174498,18570.9788593163,"MONASTIR;MONASTIR"
"2",394,"ANTALIS","ANTALIS","pure","S","1",482.88,20191.5186765,18044.2117110897,"ANTALIS;ANTALIS"
"2",395,"NOBILIS","EL4X_316","mixed","S","1",371.65664,18962.657046,16810.0821323798,"NOBILIS;EL4X_316"
"2",396,"PLUSSUR","MIKI-1_DP161","mixed","S","1",230.7764,20967.288607,18634.3424195954,"PLUSSUR;MIKI-1_DP161"
"2",397,"AVENTUR","EL4X_194","mixed","S","1",475.31488,16506.9427765,14592.1382715387,"AVENTUR;EL4X_194"
"2",399,"L2574","EL4X_316","mixed","S","2",482.88,22512.3740485,20874.6718150541,"L2574;EL4X_316"
"2",4,"L2574","QUALIDOU","mixed","C","1",293.79224,21824.1021095,26359.233767724,"L2574;QUALIDOU"
"2",40,"RAMIREZ","ANTALIS","mixed","C","2",482.88,23228.3444235,21220.8966667001,"RAMIREZ;ANTALIS"
"2",400,"AZEGHAR-2_DP128","AZEGHAR-2_DP128","pure","S","2",482.88,16478.5604285,15158.1495348528,"AZEGHAR-2_DP128;AZEGHAR-2_DP128"
"2",401,"GIUSTO","ANTALIS","mixed","S","2",338.2172,17441.123824,16470.6138679862,"GIUSTO;ANTALIS"
"2",402,"RAMIREZ","ANTALIS","mixed","S","2",469.03744,19309.913364,16643.634025649,"RAMIREZ;ANTALIS"
"2",403,"MURANO","ANTALIS","mixed","S","2",462.76,19285.634488,18015.749267548,"MURANO;ANTALIS"
"2",404,"BALSAMO","AVENTUR","mixed","S","2",409.76392,16698.56637,16257.4232594498,"BALSAMO;AVENTUR"
"2",405,"SVEVO","SVEVO","pure","S","2",253.83392,18028.5614875,16637.8238721978,"SVEVO;SVEVO"
"2",406,"ORJAUNE","ORJAUNE","pure","S","2",482.88,21449.2328445,20940.0871999639,"ORJAUNE;ORJAUNE"
"2",407,"ACADUR","ARDENTE","mixed","S","3",482.23616,14973.227372,13659.7127868819,"ACADUR;ARDENTE"
"2",408,"MIKI-1_DP161","EL4X_464","mixed","S","3",482.88,16052.5687415,15636.2886220405,"MIKI-1_DP161;EL4X_464"
"2",409,"NOBILIS","NOBILIS","pure","S","3",226.43048,10928.91376,9949.92615410932,"NOBILIS;NOBILIS"
"2",41,"ORJAUNE","ORJAUNE","pure","C","2",271.94192,18236.2997575,16199.453275582,"ORJAUNE;ORJAUNE"
"2",410,"ASTERIX","ASTERIX","pure","S","3",447.22736,14617.507643,13760.3599922317,"ASTERIX;ASTERIX"
"2",411,"FURIO_CAMILLO","ACADUR","mixed","S","3",482.88,17690.409748,15948.4473381213,"FURIO_CAMILLO;ACADUR"
"2",412,"MURANO","MURANO","pure","S","3",482.88,15107.8298025,14341.1743572004,"MURANO;MURANO"
"2",413,"ACADUR","ANVERGUR","mixed","S","3",482.88,18279.2152355,16693.8297318643,"ACADUR;ANVERGUR"
"2",414,"RAMIREZ","CASANOVA","mixed","S","3",482.88,18141.107756,17256.8792785921,"RAMIREZ;CASANOVA"
"2",417,"COLOSSEO_DP087","KOFA","mixed","S","1",482.88,19641.5679395,18693.2478747107,"COLOSSEO_DP087;KOFA"
"2",418,"SVEVO","ARDENTE","mixed","S","1",224.78064,13405.017156,12580.8933603623,"SVEVO;ARDENTE"
"2",419,"ASTERIX","NEMESIS","mixed","S","1",228.72416,13392.621251,11890.7348307898,"ASTERIX;NEMESIS"
"2",42,"PLUSSUR","CHAM-1_DP136","mixed","C","2",237.77816,17186.9222825,15907.979071206,"PLUSSUR;CHAM-1_DP136"
"2",420,"SVEVO","SVEVO","pure","S","1",482.88,20802.6795375,19722.8362997389,"SVEVO;SVEVO"
"2",421,"ASTERIX","EL4X_35","mixed","S","1",337.6136,20262.3035685,19479.2008525367,"ASTERIX;EL4X_35"
"2",422,"LLOYD","LLOYD","pure","S","1",482.88,19333.1236275,18397.0323658674,"LLOYD;LLOYD"
"2",423,"EL4X_428","EL4X_428","pure","S","1",482.88,16212.390427,16482.4662156082,"EL4X_428;EL4X_428"
"2",424,"BALSAMO","BALSAMO","pure","S","1",482.88,17861.9434265,17444.940059906,"BALSAMO;BALSAMO"
"2",425,"FURIO_CAMILLO","FURIO_CAMILLO","pure","S","2",271.09688,22093.4779485,20201.2311798459,"FURIO_CAMILLO;FURIO_CAMILLO"
"2",426,"L2574","CASANOVA","mixed","S","2",345.37992,19927.5286445,18890.0019610939,"L2574;CASANOVA"
"2",427,"EL4X_316","EL4X_316","pure","S","2",482.88,20318.3843525,19587.0924787777,"EL4X_316;EL4X_316"
"2",428,"ORJAUNE","KOFA","mixed","S","2",95.65048,15234.823712,14924.5649222842,"ORJAUNE;KOFA"
"2",429,"L2574","QUALIDOU","mixed","S","2",482.88,23019.964986,22249.9424453211,"L2574;QUALIDOU"
"2",43,"ANVERGUR","ANVERGUR","pure","C","3",482.88,18756.6713005,16693.4021922707,"ANVERGUR;ANVERGUR"
"2",430,"COLOSSEO_DP087","AZEGHAR-2_DP128","mixed","S","2",482.88,NA,16755.4155313547,"COLOSSEO_DP087;AZEGHAR-2_DP128"
"2",431,"AVENTUR","AVENTUR","pure","S","2",459.86272,13155.645743,12569.3881602736,"AVENTUR;AVENTUR"
"2",432,"NOBILIS","EL4X_428","mixed","S","2",482.88,14946.3410815,14208.1620391982,"NOBILIS;EL4X_428"
"2",433,"LAHAN","EL4X_464","mixed","S","3",289.36584,20773.912489,19380.1523529321,"LAHAN;EL4X_464"
"2",434,"EL4X_120","EL4X_120","pure","S","3",482.88,22301.600919,22509.4845579152,"EL4X_120;EL4X_120"
"2",435,"ACADUR","ACADUR","pure","S","3",482.88,20416.141024,18911.6456962458,"ACADUR;ACADUR"
"2",436,"MONASTIR","CHAM-1_DP136","mixed","S","3",482.88,17544.7792365,15548.206330302,"MONASTIR;CHAM-1_DP136"
"2",437,"PLUSSUR","PLUSSUR","pure","S","3",482.88,19640.2856045,17421.3778778599,"PLUSSUR;PLUSSUR"
"2",438,"EL4X_316","ORJAUNE","mixed","S","3",311.29664,21597.342537,20200.964424373,"EL4X_316;ORJAUNE"
"2",44,"BOLIDO-DP034","EL4X_194","mixed","C","3",202.44744,15610.718845,12971.5695400945,"BOLIDO-DP034;EL4X_194"
"2",440,"MONASTIR","MONASTIR","pure","S","3",482.88,15451.880283,14687.82674844,"MONASTIR;MONASTIR"
"2",443,"Selcuklu-97","EL4X_194","mixed","S","1",251.01712,25653.4963755,22652.3467304002,"Selcuklu-97;EL4X_194"
"2",444,"GIUSTO","ANTALIS","mixed","S","1",305.18016,15481.630455,14395.7240243196,"GIUSTO;ANTALIS"
"2",445,"LLOYD","ANVERGUR","mixed","S","1",320.99448,19411.3460625,18509.7749221125,"LLOYD;ANVERGUR"
"2",446,"LAHAN","LAHAN","pure","S","1",482.88,NA,18265.9348405749,"LAHAN;LAHAN"
"2",447,"AZEGHAR-2_DP128","KOFA","mixed","S","1",369.28248,16404.5269545,14954.1126586404,"AZEGHAR-2_DP128;KOFA"
"2",448,"RAMIREZ","CASANOVA","mixed","S","1",212.6684,17034.452651,16550.2202786367,"RAMIREZ;CASANOVA"
"2",449,"CHAM-1_DP136","CHAM-1_DP136","pure","S","1",470.08368,19419.68124,18370.1229507639,"CHAM-1_DP136;CHAM-1_DP136"
"2",450,"MURANO","ANTALIS","mixed","S","1",450.76848,19311.7513775,17770.5644460921,"MURANO;ANTALIS"
"2",451,"MIKI-1_DP161","MIKI-1_DP161","pure","S","2",245.78592,22175.1199435,20308.4924592502,"MIKI-1_DP161;MIKI-1_DP161"
"2",452,"ACADUR","ARDENTE","mixed","S","2",327.31216,16947.082893,15991.6397996264,"ACADUR;ARDENTE"
"2",453,"NEMESIS","NEMESIS","pure","S","2",172.95152,15376.3507515,14187.8886232566,"NEMESIS;NEMESIS"
"2",454,"CASANOVA","CASANOVA","pure","S","2",281.4788,17346.487501,17157.4306457781,"CASANOVA;CASANOVA"
"2",455,"MURANO","SVEVO","mixed","S","2",482.88,19879.0563815,18786.5684400167,"MURANO;SVEVO"
"2",456,"EL4X_35","EL4X_35","pure","S","2",309.68704,26654.871777,25699.6625900151,"EL4X_35;EL4X_35"
"2",457,"SVEVO","ARDENTE","mixed","S","2",482.88,20503.2115705,18619.7348168148,"SVEVO;ARDENTE"
"2",458,"EL4X_120","CHAM-1_DP136","mixed","S","2",482.88,24561.588123,24119.567606763,"EL4X_120;CHAM-1_DP136"
"2",459,"L2574","L2574","pure","S","3",482.88,26545.18939,24741.1864236265,"L2574;L2574"
"2",46,"MURANO","QUALIDOU","mixed","C","3",254.88016,17816.164067,16601.8484251997,"MURANO;QUALIDOU"
"2",460,"ASTERIX","NEMESIS","mixed","S","3",482.88,20577.287789,19838.8530053502,"ASTERIX;NEMESIS"
"2",462,"EL4X_316","EL4X_316","pure","S","3",482.88,30918.3364405,29533.9454636717,"EL4X_316;EL4X_316"
"2",464,"GIUSTO","BOLIDO-DP034","mixed","S","3",257.41528,18385.007873,17847.6659132264,"GIUSTO;BOLIDO-DP034"
"2",465,"BOLIDO-DP034","EL4X_194","mixed","S","3",209.28824,14726.0359285,13624.7696470221,"BOLIDO-DP034;EL4X_194"
"2",466,"LGBORIS","LGBORIS","pure","S","3",147.4796,13044.8947435,11969.8497536169,"LGBORIS;LGBORIS"
"2",469,"ACADUR","ANVERGUR","mixed","S","1",481.2704,22954.0102225,22890.5904282834,"ACADUR;ANVERGUR"
"2",47,"RAMIREZ","CASANOVA","mixed","C","3",233.51272,19799.6371005,17344.2325605109,"RAMIREZ;CASANOVA"
"2",470,"RAMIREZ","LGBORIS","mixed","S","1",142.81176,25117.779557,23957.42047526,"RAMIREZ;LGBORIS"
"2",471,"RAMIREZ","RAMIREZ","pure","S","1",317.65456,25606.9903595,23533.430921982,"RAMIREZ;RAMIREZ"
"2",472,"BALSAMO","ARDENTE","mixed","S","1",482.88,25902.568577,25346.0343604496,"BALSAMO;ARDENTE"
"2",473,"NOBILIS","NOBILIS","pure","S","1",469.15816,17604.2795805,17019.7610695536,"NOBILIS;NOBILIS"
"2",474,"ANVERGUR","ANVERGUR","pure","S","1",305.2204,24961.847621,23326.7465890555,"ANVERGUR;ANVERGUR"
"2",475,"ORJAUNE","KOFA","mixed","S","1",246.51024,19665.975049,17979.0923151293,"ORJAUNE;KOFA"
"2",476,"LGBORIS","EL4X_35","mixed","S","1",482.88,17615.350406,16242.3479210454,"LGBORIS;EL4X_35"
"2",477,"LAHAN","LAHAN","pure","S","2",482.88,18595.823747,16410.3344394762,"LAHAN;LAHAN"
"2",478,"MIKI-1_DP161","EL4X_464","mixed","S","2",389.44272,20372.5843785,18719.8064880964,"MIKI-1_DP161;EL4X_464"
"2",479,"BALSAMO","ARDENTE","mixed","S","2",321.35664,25398.3117105,24895.1006773148,"BALSAMO;ARDENTE"
"2",48,"PLUSSUR","CHAM-1_DP136","mixed","C","3",482.88,20557.625319,18091.3470377356,"PLUSSUR;CHAM-1_DP136"
"2",480,"LLOYD","LLOYD","pure","S","2",482.88,16633.2100295,15521.3334570441,"LLOYD;LLOYD"
"2",481,"COLOSSEO_DP087","QUALIDOU","mixed","S","2",265.10112,20144.5852155,17981.2756904042,"COLOSSEO_DP087;QUALIDOU"
"2",482,"PLUSSUR","CHAM-1_DP136","mixed","S","2",482.88,19746.8048985,18124.0300644447,"PLUSSUR;CHAM-1_DP136"
"2",483,"ANTALIS","ANTALIS","pure","S","2",474.59056,21085.519894,18455.8245412613,"ANTALIS;ANTALIS"
"2",484,"GIUSTO","CASANOVA","mixed","S","2",145.70904,17984.0217185,17299.9365352685,"GIUSTO;CASANOVA"
"2",485,"AZEGHAR-2_DP128","AZEGHAR-2_DP128","pure","S","3",482.88,17757.347635,16209.5735397223,"AZEGHAR-2_DP128;AZEGHAR-2_DP128"
"2",486,"FURIO_CAMILLO","PLUSSUR","mixed","S","3",482.88,20282.3079945,18062.8443981637,"FURIO_CAMILLO;PLUSSUR"
"2",487,"LAHAN","BOLIDO-DP034","mixed","S","3",482.88,15208.236633,12806.2396138392,"LAHAN;BOLIDO-DP034"
"2",489,"GIUSTO","GIUSTO","pure","S","3",232.54696,16320.8332235,14909.2538889757,"GIUSTO;GIUSTO"
"2",49,"Selcuklu-97","Selcuklu-97","pure","C","3",482.88,18033.648083,15102.1363668172,"Selcuklu-97;Selcuklu-97"
"2",490,"COLOSSEO_DP087","QUALIDOU","mixed","S","3",453.34384,15487.614685,14432.5910923504,"COLOSSEO_DP087;QUALIDOU"
"2",491,"ANTALIS","ANTALIS","pure","S","3",254.43752,14853.2435605,12894.4242227455,"ANTALIS;ANTALIS"
"2",492,"EL4X_464","EL4X_464","pure","S","3",482.88,16890.0189855,16252.1594065904,"EL4X_464;EL4X_464"
"2",495,"MURANO","QUALIDOU","mixed","S","1",482.88,20188.6120505,19606.0120193397,"MURANO;QUALIDOU"
"2",496,"EL4X_120","CHAM-1_DP136","mixed","S","1",482.88,26437.045805,24819.4133796054,"EL4X_120;CHAM-1_DP136"
"2",497,"NOBILIS","EL4X_428","mixed","S","1",247.11384,21061.3692515,19881.0497015626,"NOBILIS;EL4X_428"
"2",498,"ACADUR","ACADUR","pure","S","1",482.88,18385.4780625,16955.2957726295,"ACADUR;ACADUR"
"2",499,"MURANO","MURANO","pure","S","1",482.88,26983.0213035,24756.0187587576,"MURANO;MURANO"
"2",5,"ORJAUNE","KOFA","mixed","C","1",186.75384,21119.5017715,24207.4087223206,"ORJAUNE;KOFA"
"2",50,"MURANO","SVEVO","mixed","C","3",163.13296,21100.736936,18234.3005648347,"MURANO;SVEVO"
"2",500,"BOLIDO-DP034","BOLIDO-DP034","pure","S","1",452.53904,21538.697083,19958.4617743845,"BOLIDO-DP034;BOLIDO-DP034"
"2",501,"AVENTUR","ORJAUNE","mixed","S","1",482.88,20641.490028,18677.5951751458,"AVENTUR;ORJAUNE"
"2",502,"EL4X_316","EL4X_316","pure","S","1",482.88,20769.6807835,18256.3919375952,"EL4X_316;EL4X_316"
"2",503,"CHAM-1_DP136","CHAM-1_DP136","pure","S","2",482.88,19886.964114,18929.0816378762,"CHAM-1_DP136;CHAM-1_DP136"
"2",504,"MONASTIR","MONASTIR","pure","S","2",192.22648,17673.311948,16662.4402864896,"MONASTIR;MONASTIR"
"2",506,"GIUSTO","BOLIDO-DP034","mixed","S","2",472.2164,22439.9648655,20341.8478559185,"GIUSTO;BOLIDO-DP034"
"2",507,"NOBILIS","LLOYD","mixed","S","2",482.88,21657.7405155,19684.9826018767,"NOBILIS;LLOYD"
"2",508,"GIUSTO","GIUSTO","pure","S","2",482.88,17948.7147615,16774.1706336115,"GIUSTO;GIUSTO"
"2",510,"RAMIREZ","LGBORIS","mixed","S","2",474.06744,20099.2760455,18326.6728692473,"RAMIREZ;LGBORIS"
"2",511,"Selcuklu-97","ANVERGUR","mixed","S","3",432.58,27525.406264,24963.954649896,"Selcuklu-97;ANVERGUR"
"2",512,"MURANO","ANTALIS","mixed","S","3",482.88,34428.13008,32432.2400227249,"MURANO;ANTALIS"
"2",513,"LAHAN","LAHAN","pure","S","3",482.88,21553.7858915,20241.4546163956,"LAHAN;LAHAN"
"2",514,"GIUSTO","CASANOVA","mixed","S","3",482.88,20786.3511385,20676.0230339762,"GIUSTO;CASANOVA"
"2",515,"MONASTIR","EL4X_35","mixed","S","3",482.88,21320.10171,20492.197452568,"MONASTIR;EL4X_35"
"2",516,"AVENTUR","EL4X_194","mixed","S","3",212.4672,15797.51231,14546.5176043931,"AVENTUR;EL4X_194"
"2",517,"FURIO_CAMILLO","FURIO_CAMILLO","pure","S","3",482.88,19798.482999,19430.4193157463,"FURIO_CAMILLO;FURIO_CAMILLO"
"2",518,"EL4X_120","CHAM-1_DP136","mixed","S","3",482.88,25904.278357,24792.9497750183,"EL4X_120;CHAM-1_DP136"
"2",521,"NOBILIS","LLOYD","mixed","S","1",163.29392,22666.5962045,21066.1401234706,"NOBILIS;LLOYD"
"2",522,"MIKI-1_DP161","MIKI-1_DP161","pure","S","1",230.05208,21403.538974,19175.0448006435,"MIKI-1_DP161;MIKI-1_DP161"
"2",523,"EL4X_464","EL4X_464","pure","S","1",482.88,28139.131795,27374.3845095537,"EL4X_464;EL4X_464"
"2",524,"NEMESIS","NEMESIS","pure","S","1",107.40056,17399.5334255,16966.7936643491,"NEMESIS;NEMESIS"
"2",525,"L2574","CASANOVA","mixed","S","1",482.88,21292.8734635,20541.5526963344,"L2574;CASANOVA"
"2",526,"MIKI-1_DP161","EL4X_464","mixed","S","1",482.88,25389.0788985,23921.10701619,"MIKI-1_DP161;EL4X_464"
"2",527,"Selcuklu-97","Selcuklu-97","pure","S","1",482.88,30577.278075,28265.3386536334,"Selcuklu-97;Selcuklu-97"
"2",528,"LAHAN","BOLIDO-DP034","mixed","S","1",482.88,20264.825494,19016.5609891623,"LAHAN;BOLIDO-DP034"
"2",529,"SVEVO","EL4X_428","mixed","S","2",482.88,28041.24689,27809.7696373836,"SVEVO;EL4X_428"
"2",53,"L2574","CASANOVA","mixed","C","1",191.5424,18893.9666345,16264.355247561,"L2574;CASANOVA"
"2",530,"LAHAN","EL4X_120","mixed","S","2",482.88,21520.6161595,19951.5444030115,"LAHAN;EL4X_120"
"2",531,"AZEGHAR-2_DP128","NEMESIS","mixed","S","2",482.88,25453.9650495,23716.1894814985,"AZEGHAR-2_DP128;NEMESIS"
"2",532,"EL4X_120","EL4X_120","pure","S","2",454.22912,26544.505478,25538.9077028296,"EL4X_120;EL4X_120"
"2",533,"EL4X_428","EL4X_428","pure","S","2",482.88,20097.7372435,19711.382258234,"EL4X_428;EL4X_428"
"2",534,"ASTERIX","ASTERIX","pure","S","2",337.97576,25870.2109905,23617.0532814645,"ASTERIX;ASTERIX"
"2",535,"AVENTUR","ORJAUNE","mixed","S","2",387.43072,18481.8241655,16929.462514879,"AVENTUR;ORJAUNE"
"2",536,"ARDENTE","ARDENTE","pure","S","2",482.88,19947.8750265,17279.0693143358,"ARDENTE;ARDENTE"
"2",537,"LLOYD","EL4X_464","mixed","S","3",482.88,18413.7749215,17593.7530719478,"LLOYD;EL4X_464"
"2",538,"NOBILIS","EL4X_316","mixed","S","3",324.77704,19640.2001155,17638.7890695637,"NOBILIS;EL4X_316"
"2",539,"QUALIDOU","QUALIDOU","pure","S","3",482.88,16096.638321,14724.4508131976,"QUALIDOU;QUALIDOU"
"2",540,"ORJAUNE","KOFA","mixed","S","3",482.88,19384.887217,18529.114693899,"ORJAUNE;KOFA"
"2",541,"Selcuklu-97","Selcuklu-97","pure","S","3",482.88,29212.360701,26595.1406145808,"Selcuklu-97;Selcuklu-97"
"2",542,"MONASTIR","BALSAMO","mixed","S","3",482.88,25443.5353915,21655.7153959231,"MONASTIR;BALSAMO"
"2",543,"Selcuklu-97","EL4X_194","mixed","S","3",482.88,29494.217934,26426.3172878857,"Selcuklu-97;EL4X_194"
"2",544,"ASTERIX","MIKI-1_DP161","mixed","S","3",482.88,24715.981257,22420.0958951962,"ASTERIX;MIKI-1_DP161"
"2",547,"MONASTIR","CHAM-1_DP136","mixed","S","1",482.88,22248.341272,20192.5250851305,"MONASTIR;CHAM-1_DP136"
"2",548,"EL4X_120","Selcuklu-97","mixed","S","1",482.88,22566.103885,20689.0227955502,"EL4X_120;Selcuklu-97"
"2",549,"BALSAMO","AVENTUR","mixed","S","1",482.88,19293.926921,17604.609654277,"BALSAMO;AVENTUR"
"2",55,"BALSAMO","BALSAMO","pure","C","1",481.43136,20816.998945,19005.7281590327,"BALSAMO;BALSAMO"
"2",550,"FURIO_CAMILLO","ACADUR","mixed","S","1",482.03496,22451.12118,20173.1231922065,"FURIO_CAMILLO;ACADUR"
"2",551,"ASTERIX","MIKI-1_DP161","mixed","S","1",482.88,31992.377492,29399.0896095587,"ASTERIX;MIKI-1_DP161"
"2",552,"CASANOVA","CASANOVA","pure","S","1",286.66976,15386.395709,14437.0510246065,"CASANOVA;CASANOVA"
"2",553,"COLOSSEO_DP087","COLOSSEO_DP087","pure","S","1",482.88,20521.207005,19520.0820423073,"COLOSSEO_DP087;COLOSSEO_DP087"
"2",554,"MONASTIR","BALSAMO","mixed","S","1",482.88,24131.8776645,22163.975926443,"MONASTIR;BALSAMO"
"2",555,"BALSAMO","BALSAMO","pure","S","2",482.88,20022.8488795,18094.1242180016,"BALSAMO;BALSAMO"
"2",556,"COLOSSEO_DP087","KOFA","mixed","S","2",482.88,19499.9126665,17983.9450722257,"COLOSSEO_DP087;KOFA"
"2",557,"EL4X_120","Selcuklu-97","mixed","S","2",482.88,27097.0636295,24951.6510104808,"EL4X_120;Selcuklu-97"
"2",558,"ASTERIX","NEMESIS","mixed","S","2",295.3616,17314.9848045,16286.0757205887,"ASTERIX;NEMESIS"
"2",559,"PLUSSUR","PLUSSUR","pure","S","2",343.36792,25245.75659,22783.7018757042,"PLUSSUR;PLUSSUR"
"2",56,"AVENTUR","ORJAUNE","mixed","C","1",482.88,15411.1447745,14450.7834501849,"AVENTUR;ORJAUNE"
"2",560,"ACADUR","ANVERGUR","mixed","S","2",482.88,19255.8415715,18474.0845015101,"ACADUR;ANVERGUR"
"2",561,"MONASTIR","EL4X_35","mixed","S","2",482.88,22629.365745,20887.514446692,"MONASTIR;EL4X_35"
"2",562,"LAHAN","EL4X_464","mixed","S","2",482.88,25344.7101075,23612.089071739,"LAHAN;EL4X_464"
"2",564,"SVEVO","ARDENTE","mixed","S","3",482.88,20234.049454,18260.0004448487,"SVEVO;ARDENTE"
"2",565,"NOBILIS","EL4X_428","mixed","S","3",482.88,13855.5869305,13643.4206050189,"NOBILIS;EL4X_428"
"2",566,"MURANO","SVEVO","mixed","S","3",355.5204,27801.108289,25660.7181180616,"MURANO;SVEVO"
"2",567,"PLUSSUR","MIKI-1_DP161","mixed","S","3",283.16888,20278.4609895,18692.741770149,"PLUSSUR;MIKI-1_DP161"
"2",568,"RAMIREZ","ANTALIS","mixed","S","3",482.88,16950.844409,15436.2567321065,"RAMIREZ;ANTALIS"
"2",569,"MURANO","QUALIDOU","mixed","S","3",226.67192,22705.4936995,21055.7585851342,"MURANO;QUALIDOU"
"2",57,"AZEGHAR-2_DP128","KOFA","mixed","C","1",482.88,14922.190439,14268.5985976443,"AZEGHAR-2_DP128;KOFA"
"2",570,"NOBILIS","LLOYD","mixed","S","3",482.88,20675.51465,18687.6350472257,"NOBILIS;LLOYD"
"2",573,"EL4X_316","ORJAUNE","mixed","S","1",482.88,33052.697559,28670.8581310503,"EL4X_316;ORJAUNE"
"2",574,"EL4X_120","EL4X_120","pure","S","1",482.88,16838.8110745,16711.671287981,"EL4X_120;EL4X_120"
"2",575,"Selcuklu-97","ANVERGUR","mixed","S","1",482.88,21346.432322,19987.7043863299,"Selcuklu-97;ANVERGUR"
"2",577,"BOLIDO-DP034","EL4X_194","mixed","S","1",454.67176,13402.366997,11728.3721023977,"BOLIDO-DP034;EL4X_194"
"2",579,"L2574","EL4X_316","mixed","S","1",482.88,22892.24442,20537.032470033,"L2574;EL4X_316"
"2",58,"FURIO_CAMILLO","ACADUR","mixed","C","1",363.04528,18286.439056,15961.6005754468,"FURIO_CAMILLO;ACADUR"
"2",580,"PLUSSUR","CHAM-1_DP136","mixed","S","1",482.88,19278.8381125,17466.0173964509,"PLUSSUR;CHAM-1_DP136"
"2",581,"EL4X_316","ORJAUNE","mixed","S","2",482.88,18614.289371,16106.4031199334,"EL4X_316;ORJAUNE"
"2",582,"NOBILIS","NOBILIS","pure","S","2",297.776,16887.1978485,15531.9543444691,"NOBILIS;NOBILIS"
"2",583,"LGBORIS","LGBORIS","pure","S","2",312.34288,15117.0626145,14064.7188513681,"LGBORIS;LGBORIS"
"2",584,"BOLIDO-DP034","BOLIDO-DP034","pure","S","2",136.89648,17741.1474695,16319.1022406465,"BOLIDO-DP034;BOLIDO-DP034"
"2",585,"MONASTIR","CHAM-1_DP136","mixed","S","2",470.0032,19134.7891475,17573.3517595465,"MONASTIR;CHAM-1_DP136"
"2",586,"FURIO_CAMILLO","ACADUR","mixed","S","2",250.45376,23104.9837965,20186.9835142445,"FURIO_CAMILLO;ACADUR"
"2",587,"EL4X_194","EL4X_194","pure","S","2",482.88,17884.7689895,16592.8335518889,"EL4X_194;EL4X_194"
"2",588,"EL4X_464","EL4X_464","pure","S","2",482.88,22273.9452275,21563.4362732168,"EL4X_464;EL4X_464"
"2",59,"ANTALIS","ANTALIS","pure","C","1",482.88,17299.7677625,15257.5287381602,"ANTALIS;ANTALIS"
"2",590,"LGBORIS","NEMESIS","mixed","S","3",141.16192,18076.64905,16687.9885178444,"LGBORIS;NEMESIS"
"2",591,"BALSAMO","AVENTUR","mixed","S","3",482.88,23225.566031,21988.1657988683,"BALSAMO;AVENTUR"
"2",592,"COLOSSEO_DP087","COLOSSEO_DP087","pure","S","3",482.88,20808.2363225,18388.1910663233,"COLOSSEO_DP087;COLOSSEO_DP087"
"2",593,"GIUSTO","ANTALIS","mixed","S","3",105.87144,18915.6808405,18025.776349982,"GIUSTO;ANTALIS"
"2",594,"CASANOVA","CASANOVA","pure","S","3",253.06936,16737.976799,15620.5555304153,"CASANOVA;CASANOVA"
"2",595,"EL4X_194","EL4X_194","pure","S","3",482.88,17145.3746285,15815.6707150232,"EL4X_194;EL4X_194"
"2",596,"MIKI-1_DP161","MIKI-1_DP161","pure","S","3",466.3816,19175.268189,17864.9118372597,"MIKI-1_DP161;MIKI-1_DP161"
"2",599,"MONASTIR","EL4X_35","mixed","S","1",482.88,19865.762842,18156.088225594,"MONASTIR;EL4X_35"
"2",60,"KOFA","KOFA","pure","C","1",184.46016,12248.094519,10422.9822705734,"KOFA;KOFA"
"2",601,"FURIO_CAMILLO","PLUSSUR","mixed","S","1",166.67408,18543.5472235,16564.4642900535,"FURIO_CAMILLO;PLUSSUR"
"2",602,"AZEGHAR-2_DP128","NEMESIS","mixed","S","1",243.69344,13828.1449615,12487.6805935008,"AZEGHAR-2_DP128;NEMESIS"
"2",603,"L2574","L2574","pure","S","1",235.84664,20849.484765,19725.7011804343,"L2574;L2574"
"2",604,"LAHAN","EL4X_464","mixed","S","1",482.88,18015.438926,16544.1488509894,"LAHAN;EL4X_464"
"2",605,"L2574","QUALIDOU","mixed","S","1",400.46848,18229.9735715,16825.358450935,"L2574;QUALIDOU"
"2",606,"COLOSSEO_DP087","QUALIDOU","mixed","S","1",482.88,19014.719847,18024.491904109,"COLOSSEO_DP087;QUALIDOU"
"2",607,"MONASTIR","BALSAMO","mixed","S","2",460.9492,17014.2345025,16150.93484008,"MONASTIR;BALSAMO"
"2",608,"ACADUR","ACADUR","pure","S","2",84.9064,16008.157206,14748.7292154175,"ACADUR;ACADUR"
"2",609,"Selcuklu-97","ANVERGUR","mixed","S","2",479.54008,29330.7202215,25700.9305920576,"Selcuklu-97;ANVERGUR"
"2",61,"LGBORIS","NEMESIS","mixed","C","2",102.93392,14639.307338,13592.627439628,"LGBORIS;NEMESIS"
"2",610,"NOBILIS","EL4X_316","mixed","S","2",482.88,18399.7547255,15718.326892516,"NOBILIS;EL4X_316"
"2",612,"LLOYD","ANVERGUR","mixed","S","2",348.76008,22308.696506,20235.3630907332,"LLOYD;ANVERGUR"
"2",614,"Selcuklu-97","EL4X_194","mixed","S","2",417.49,28605.6025235,24720.4982577372,"Selcuklu-97;EL4X_194"
"2",615,"EL4X_120","Selcuklu-97","mixed","S","3",482.88,19883.5872985,18733.7873982249,"EL4X_120;Selcuklu-97"
"2",616,"ASTERIX","EL4X_35","mixed","S","3",340.26944,15985.5453655,14493.3967234372,"ASTERIX;EL4X_35"
"2",617,"BALSAMO","BALSAMO","pure","S","3",466.14016,19241.607653,18868.4240012642,"BALSAMO;BALSAMO"
"2",618,"LAHAN","EL4X_120","mixed","S","3",482.88,19082.8973245,19149.7158203624,"LAHAN;EL4X_120"
"2",619,"EL4X_428","EL4X_428","pure","S","3",482.88,17031.4177915,16961.3105604161,"EL4X_428;EL4X_428"
"2",62,"MONASTIR","BALSAMO","mixed","C","2",286.87096,17436.8921185,15501.2993901911,"MONASTIR;BALSAMO"
"2",620,"L2574","EL4X_316","mixed","S","3",203.37296,18881.527985,16860.3509222863,"L2574;EL4X_316"
"2",621,"LGBORIS","EL4X_35","mixed","S","3",84.504,12749.8722045,12752.8026459188,"LGBORIS;EL4X_35"
"2",622,"KOFA","KOFA","pure","S","3",450.16488,14409.1282055,13478.5748582179,"KOFA;KOFA"
"2",63,"EL4X_35","EL4X_35","pure","C","2",94.7652,15438.6722325,13881.3756223218,"EL4X_35;EL4X_35"
"2",64,"L2574","L2574","pure","C","2",393.06432,21446.3262185,19744.5439831206,"L2574;L2574"
"2",65,"ARDENTE","ARDENTE","pure","C","2",101.24384,9329.2863365,8271.40022844329,"ARDENTE;ARDENTE"
"2",66,"FURIO_CAMILLO","FURIO_CAMILLO","pure","C","2",482.88,18136.8760505,16364.7996456678,"FURIO_CAMILLO;FURIO_CAMILLO"
"2",67,"ASTERIX","NEMESIS","mixed","C","2",285.46256,16426.4121385,15280.0056273918,"ASTERIX;NEMESIS"
"2",68,"AVENTUR","EL4X_194","mixed","C","2",482.88,16159.472736,15084.8009152622,"AVENTUR;EL4X_194"
"2",69,"NOBILIS","EL4X_428","mixed","C","3",195.44568,13233.355244,12895.463838253,"NOBILIS;EL4X_428"
"2",7,"MONASTIR","CHAM-1_DP136","mixed","C","1",482.88,15494.3255715,25008.0953722946,"MONASTIR;CHAM-1_DP136"
"2",70,"FURIO_CAMILLO","EL4X_428","mixed","C","3",479.29864,17333.8778735,15883.2639939311,"FURIO_CAMILLO;EL4X_428"
"2",71,"ARDENTE","ARDENTE","pure","C","3",79.83616,12694.3043545,11290.9625563213,"ARDENTE;ARDENTE"
"2",72,"L2574","EL4X_316","mixed","C","3",482.88,18526.5349125,17115.6761058976,"L2574;EL4X_316"
"2",73,"MONASTIR","BALSAMO","mixed","C","3",218.66416,14451.2742825,12939.725148742,"MONASTIR;BALSAMO"
"2",74,"MIKI-1_DP161","MIKI-1_DP161","pure","C","3",230.9776,15901.6806565,15297.4086813612,"MIKI-1_DP161;MIKI-1_DP161"
"2",75,"BALSAMO","AVENTUR","mixed","C","3",126.63528,13512.733296,12788.8822371769,"BALSAMO;AVENTUR"
"2",79,"SVEVO","SVEVO","pure","C","1",482.79952,18456.2629545,16849.7793663528,"SVEVO;SVEVO"
"2",8,"PLUSSUR","PLUSSUR","pure","C","1",88.3268,16371.5282005,23067.0802341864,"PLUSSUR;PLUSSUR"
"2",80,"FURIO_CAMILLO","FURIO_CAMILLO","pure","C","1",482.88,18181.886009,16172.6242525388,"FURIO_CAMILLO;FURIO_CAMILLO"
"2",81,"GIUSTO","GIUSTO","pure","C","1",255.28256,17062.834999,15239.2998384801,"GIUSTO;GIUSTO"
"2",82,"MIKI-1_DP161","MIKI-1_DP161","pure","C","1",179.91304,13399.3321375,12375.0403544234,"MIKI-1_DP161;MIKI-1_DP161"
"2",83,"BALSAMO","AVENTUR","mixed","C","1",160.96,13807.584857,12100.3863615794,"BALSAMO;AVENTUR"
"2",84,"LAHAN","EL4X_120","mixed","C","1",412.41976,16929.38667,15822.1276591416,"LAHAN;EL4X_120"
"2",85,"COLOSSEO_DP087","COLOSSEO_DP087","pure","C","1",482.88,17478.397028,16583.2577612482,"COLOSSEO_DP087;COLOSSEO_DP087"
"2",86,"Selcuklu-97","Selcuklu-97","pure","C","1",482.88,21085.9900835,19347.4492282079,"Selcuklu-97;Selcuklu-97"
"2",87,"NOBILIS","NOBILIS","pure","C","2",324.5356,13914.617085,12506.282220006,"NOBILIS;NOBILIS"
"2",88,"LGBORIS","EL4X_35","mixed","C","2",124.62328,15824.099389,15126.9391445216,"LGBORIS;EL4X_35"
"2",89,"NEMESIS","NEMESIS","pure","C","2",78.70944,10951.1409,10471.2650111713,"NEMESIS;NEMESIS"
"2",9,"MIKI-1_DP161","EL4X_464","mixed","C","2",228.60344,18584.4109655,24136.491962555,"MIKI-1_DP161;EL4X_464"
"2",90,"FURIO_CAMILLO","PLUSSUR","mixed","C","2",173.11248,18036.811176,16640.6065337406,"FURIO_CAMILLO;PLUSSUR"
"2",91,"Selcuklu-97","EL4X_194","mixed","C","2",482.88,18091.9943255,16067.6048153623,"Selcuklu-97;EL4X_194"
"2",92,"RAMIREZ","LGBORIS","mixed","C","2",377.25,19074.0919575,16852.5876071875,"RAMIREZ;LGBORIS"
"2",93,"MONASTIR","EL4X_35","mixed","C","2",84.66496,14423.8323135,12834.0388228832,"MONASTIR;EL4X_35"
"2",94,"Selcuklu-97","Selcuklu-97","pure","C","2",476.4416,21573.5338505,18534.7768528755,"Selcuklu-97;Selcuklu-97"
"2",95,"LLOYD","EL4X_464","mixed","C","3",330.41064,14721.889712,13994.5110034072,"LLOYD;EL4X_464"
"2",96,"FURIO_CAMILLO","PLUSSUR","mixed","C","3",482.88,14297.7360385,13049.0473882385,"FURIO_CAMILLO;PLUSSUR"
"2",97,"BALSAMO","BALSAMO","pure","C","3",130.1764,14811.225717,13918.5131000102,"BALSAMO;BALSAMO"
"2",98,"MIKI-1_DP161","EL4X_464","mixed","C","3",482.88,13849.4317225,13547.9586875604,"MIKI-1_DP161;EL4X_464"
"2",99,"LAHAN","LAHAN","pure","C","3",482.88,13056.7777145,13478.3793593439,"LAHAN;LAHAN"
